id,title,assignee,inventor,priority_date,filing_date,publication_date,grant_date,result_link,representative_figure_link
GB-2570469-A,Arrangements relating to cryptocurrency ,Neuchatel Ltd,Khemani Karan,26/01/2018,26/01/2018,31/07/2019,,https://patents.google.com/patent/GB2570469A/en,
GB-2584517-A,Blockchain-Based Automation Architecture cybersecurity ,Fisher Rosemount Systems Inc,S Cahill James,15/01/2019,10/01/2020,09/12/2020,,https://patents.google.com/patent/GB2584517A/en,
GB-2582421-A,System for secure metering from systems of untrusted data derived from common sources ,Fisher Rosemount Systems Inc,"John Nixon Mark, Jr Amaro Anthony, Wang Gang",15/01/2019,15/01/2020,23/09/2020,,https://patents.google.com/patent/GB2582421A/en,
GB-2576081-A,Peer-to-peer cryptocurrency and crypto asset trading platform ,Vvow Company Ltd,Ho Lam Chi,03/06/2018,03/06/2019,05/02/2020,,https://patents.google.com/patent/GB2576081A/en,
GB-2580739-A,"System and method for decentralized identity management, authentication and authorization of applications ",Infosys Ltd,"Kumar Doddavula Shyam, Balakrishnan Brijesh",28/09/2018,27/09/2019,29/07/2020,,https://patents.google.com/patent/GB2580739A/en,
GB-2576461-A,"Financial derivative contract execution platform, system and method ",Luther Systems,"Wood Samuel, Kakavand Hossein",02/05/2017,02/05/2018,19/02/2020,,https://patents.google.com/patent/GB2576461A/en,
GB-2569278-A,Methods and apparatus for verifying a user transaction ,Cygnetise Ltd,"Blake Shaun, Pomfret Stephen",23/10/2017,23/10/2017,19/06/2019,,https://patents.google.com/patent/GB2569278A/en,
GB-2572301-A,Container-based operating system and method ,Ibm,"Brady Simon, Hollywood Barry, Erik Bryllert Jonas, Zolotow Clea, Delaney John",14/12/2016,07/12/2017,25/09/2019,,https://patents.google.com/patent/GB2572301A/en,
GB-2575952-A,Blockchain for open scientific research ,Ibm,"Watson Patrick, Kokku Ravindranath, Chang Maria, Ahn Jae-Wook",05/05/2017,12/12/2017,29/01/2020,,https://patents.google.com/patent/GB2575952A/en,
GB-2610320-A,Machine-to-machine transactions using distributed ledgers in process control systems ,Fisher Rosemount Systems Inc,"Kenneth Tugbo Lloyd, Rabe Rezelee, Marco Te Gian",15/01/2019,10/01/2020,01/03/2023,,https://patents.google.com/patent/GB2610320A/en,
GB-2586292-A,Machine-to-machine transactions using distributed ledgers in process control systems ,Fisher Rosemount Systems Inc,"Kenneth Tugbo Lloyd, Marco Te Gian, Rabe Rezelee",15/01/2019,10/01/2020,17/02/2021,,https://patents.google.com/patent/GB2586292A/en,
GB-2564198-A,Implementing logic gate functionality using a blockchain ,Nchain Holdings Ltd,"Savanah Stephane, Steven Wright Craig",29/04/2016,28/04/2017,09/01/2019,,https://patents.google.com/patent/GB2564198A/en,
GB-2564199-A,Operating system for blockchain IOT devices ,Nchain Holdings Ltd,"Savanah Stephane, Steven Wright Craig",29/04/2016,28/04/2017,09/01/2019,,https://patents.google.com/patent/GB2564199A/en,
GB-2564207-A,A method and system for controlling the performance of a contract using a distributed hash table and a peer-to-peer distributed ledger ,Nchain Holdings Ltd,"Savanah Stephane, Steven Wright Craig",29/04/2016,28/04/2017,09/01/2019,,https://patents.google.com/patent/GB2564207A/en,
GB-2564206-A,A method for secure peer-to-peer communication on a blockchain ,Nchain Holdings Ltd,"Steven Wright Craig, Savanah Stephane",11/04/2016,10/04/2017,09/01/2019,,https://patents.google.com/patent/GB2564206A/en,
GB-2568333-A,Implementing logic gate functionality using a blockchain ,Nchain Holdings Ltd,"Steven Wright Craig, Savanah Stephane",29/04/2016,28/04/2017,15/05/2019,,https://patents.google.com/patent/GB2568333A/en,
GB-2564200-A,Implementing logic gate functionality using a blockchain ,Nchain Holdings Ltd,"Savanah Stephane, Steven Wright Craig",29/04/2016,28/04/2017,09/01/2019,,https://patents.google.com/patent/GB2564200A/en,
GB-2561725-A,Blockchain-implemented method for control and distribution of digital content ,Nchain Holdings Ltd,"Steven Wright Craig, Savanah Stephane",23/02/2016,21/02/2017,24/10/2018,,https://patents.google.com/patent/GB2561725A/en,
GB-2564201-A,Methods and systems for recording multiple transactions on a blockchain ,Nchain Holdings Ltd,"Steven Wright Craig, Savanah Stephane",24/03/2016,24/03/2017,09/01/2019,,https://patents.google.com/patent/GB2564201A/en,
GB-2562622-A,Cryptographic method and system for secure extraction of data from a blockchain ,Nchain Holdings Ltd,Steven Wright Craig,23/02/2016,21/02/2017,21/11/2018,,https://patents.google.com/patent/GB2562622A/en,
GB-2562623-A,Registry and automated management method for blockchain-enforced smart contracts ,Nchain Holdings Ltd,"Steven Wright Craig, Savanah Stephane",23/02/2016,16/02/2017,21/11/2018,,https://patents.google.com/patent/GB2562623A/en,
GB-2562624-A,Universal tokenisation system for blockchain-based cryptocurrencies ,Nchain Holdings Ltd,"Steven Wright Craig, Savanah Stephane",23/02/2016,14/02/2017,21/11/2018,,https://patents.google.com/patent/GB2562624A/en,
GB-2562656-A,Agent-based turing complete transactions integrating feedback within a blockchain system ,Nchain Holdings Ltd,"Steven Wright Craig, Savanah Stephane",23/02/2016,14/02/2017,21/11/2018,,https://patents.google.com/patent/GB2562656A/en,
GB-2564299-A,Blockchain implemented counting system and method for use in secure voting and distribution ,Nchain Holdings Ltd,"Steven Wright Craig, Savanah Stephane",23/02/2016,14/02/2017,09/01/2019,,https://patents.google.com/patent/GB2564299A/en,
GB-2562621-A,System and method for controlling asset-related actions via a blockchain ,Nchain Holdings Ltd,"Steven Wright Craig, Allen Gavin",23/02/2016,14/02/2017,21/11/2018,,https://patents.google.com/patent/GB2562621A/en,
GB-2571367-A,Tokenisation method and system for implementing exchanges on a blockchain ,Nchain Holdings Ltd,"Savanah Stephane, Steven Wright Craig",23/02/2016,14/02/2017,28/08/2019,,https://patents.google.com/patent/GB2571367A/en,
GB-2561726-A,Method and system for efficient transfer of cryptocurrency associated with a payroll on a blockchain that leads to an automated payroll method and system ,Nchain Holdings Ltd,"Steven Wright Craig, Savanah Stephane",23/02/2016,16/02/2017,24/10/2018,,https://patents.google.com/patent/GB2561726A/en,
GB-2561469-A,Methods and systems for the efficient transfer of entities on a blockchain ,Nchain Holdings Ltd,"Steven Wright Craig, Savanah Stephane",23/02/2016,16/02/2017,17/10/2018,,https://patents.google.com/patent/GB2561469A/en,
GB-2557577-A,Methods and apparatus for recording a change of authorisation state of one or more authorisation agents ,Cygnetise Ltd,"Pomfret Stephen, Blake Shaun",21/10/2016,21/10/2016,27/06/2018,,https://patents.google.com/patent/GB2557577A/en,
GB-2571801-A,Consolidated blockchain-based data transfer control method and system ,Nchain Holdings Ltd,"Steven Wright Craig, Savanah Stephane",23/02/2016,21/02/2017,11/09/2019,,https://patents.google.com/patent/GB2571801A/en,
GB-2573750-A,System for controlling energy supply and processing energy transactions ,Centrica Plc,"Landry Tsafack Chetsa Ghislain, A U D P Wijesundera Adhikari, Sumar Zahir-Abbas",09/05/2018,09/05/2018,20/11/2019,,https://patents.google.com/patent/GB2573750A/en,
GB-2564787-A,Systems and methods for providing block chain-based multifactor personal identity verification ,Black Gold Coin Inc,Andrade Marcus,28/03/2016,29/03/2016,23/01/2019,,https://patents.google.com/patent/GB2564787A/en,
GB-2579764-A,Systems and methods for providing block chain-based multifactor personal identity verification ,Black Gold Coin Inc,Andrade Marcus,28/03/2016,29/03/2016,08/07/2020,,https://patents.google.com/patent/GB2579764A/en,
GB-2567960-A,Systems and methods for providing block chain-based multifactor personal identity verification ,Black Gold Coin Inc,Andrade Marcus,28/03/2016,29/03/2016,01/05/2019,,https://patents.google.com/patent/GB2567960A/en,
GB-2584981-A,Systems and methods for providing block chain-based multifactor personal identity verification ,Black Gold Coin Inc,Andrade Marcus,28/03/2016,29/03/2016,30/12/2020,,https://patents.google.com/patent/GB2584981A/en,
GB-2583984-A,Systems and methods for providing block chain-based multifactor personal identity vertification ,Black Gold Coin Inc,Andrade Marcus,28/03/2016,29/03/2016,18/11/2020,,https://patents.google.com/patent/GB2583984A/en,
GB-2564923-A,Managing digital assets stored as components and packaged files ,Adobe Systems Inc,"J Switzer Stanley, Horns Roey, I Goldman Oliver, R Wixson Julian, Vitrano Michael",22/06/2017,19/04/2018,30/01/2019,,https://patents.google.com/patent/GB2564923A/en,
GB-2540977-A,Expendable access control ,British Telecomm,"Daniel Joshua, Ducatel Gery, Dimitrakos Theo",31/07/2015,31/07/2015,08/02/2017,,https://patents.google.com/patent/GB2540977A/en,
GB-2571481-A,Managing a demand on an electrical grid using a publicly distributed transactions ledger ,Walmart Apollo Llc,"R High Donald, Walter Wilkinson Bruce, D Mattingly Todd, Gerard Mchale Brian, John J O'brien V, L Cantrell Robert, Jurich Joseph Jr",14/12/2016,13/12/2017,28/08/2019,,https://patents.google.com/patent/GB2571481A/en,
GB-2592785-A,Traceable anonymous electronic voting method employing blockchain ,Univ Jinan,"Lai Junzuo, Li Peng, Wang Chuansheng, Zhou Dehua, Sun Meng",21/12/2018,26/03/2019,08/09/2021,,https://patents.google.com/patent/GB2592785A/en,
GB-2562365-A,Providing out-of-band verification for blockchain transactions ,Ibm,"Mcdermott Brigid, Chaitanya Ratakonda Krishna, Gopinath Ramesh, Koved Lawrence",17/04/2017,15/03/2018,14/11/2018,,https://patents.google.com/patent/GB2562365A/en,
GB-2559908-A,A method and system for verifying ownership of a digital asset using a distributed hash table and a peer-to-peer distributed ledger ,Nchain Holdings Ltd,"Savanah Stephane, Steven Wright Craig",13/05/2016,12/05/2017,22/08/2018,,https://patents.google.com/patent/GB2559908A/en,
GB-2561466-A,Methods and systems for efficient transfer of entities on a peer-to-peer distributed ledger using the blockchain ,Nchain Holdings Ltd,"Steven Wright Craig, Savanah Stephane",23/02/2016,16/02/2017,17/10/2018,,https://patents.google.com/patent/GB2561466A/en,
GB-2561729-A,Secure multiparty loss resistant storage and transfer of cryptographic keys for blockchain based systems in conjunction with a wallet management system ,Nchain Holdings Ltd,"Steven Wright Craig, Savanah Stephane",23/02/2016,14/02/2017,24/10/2018,,https://patents.google.com/patent/GB2561729A/en,
GB-2561727-A,Blockchain-based exchange with tokenisation ,Nchain Holdings Ltd,"Steven Wright Craig, Savanah Stephane",23/02/2016,14/02/2017,24/10/2018,,https://patents.google.com/patent/GB2561727A/en,
GB-2561465-A,A method and system for securing computer software using a distributed hash table and a blockchain ,Nchain Holdings Ltd,"Savanah Stephane, Steven Wright Craig",23/02/2016,14/02/2017,17/10/2018,,https://patents.google.com/patent/GB2561465A/en,
GB-2565411-A,Improved hardware security module management ,British Telecomm,Daniel Joshua,12/06/2017,08/06/2018,13/02/2019,,https://patents.google.com/patent/GB2565411A/en,
GB-2540976-A,Access control ,British Telecomm,"Ducatel Gery, Dimitrakos Theo, Daniel Joshua",31/07/2015,31/07/2015,08/02/2017,,https://patents.google.com/patent/GB2540976A/en,
GB-2579502-A,Blockchain authentication via hard/soft token verification ,Ibm,"Angel Bathen Luis, Madl Gobor, Routray Ramani",26/07/2017,24/07/2018,24/06/2020,,https://patents.google.com/patent/GB2579502A/en,
GB-2586734-A,Real estate marketplace method and system ,Nobul Corp,"McGee Regan, Freethy Robbie, Ramesh Rahul, Sellink Alex",16/04/2018,16/04/2019,03/03/2021,,https://patents.google.com/patent/GB2586734A/en,
GB-2575207-A,Blockchain ledgers of material spectral signatures for supply chain integrity management ,Ibm,"Kudva Prabhakar, Ann Neumayer Deborah, Fuller Nicholas",23/03/2017,22/03/2018,01/01/2020,,https://patents.google.com/patent/GB2575207A/en,
GB-2558485-A,A method and system for verifying integrity of a digital asset using a distributed hash table and a peer-to-peer distributed ledger ,Nchain Holdings Ltd,"Savanah Stephane, Steven Wright Craig",13/05/2016,12/05/2017,11/07/2018,,https://patents.google.com/patent/GB2558485A/en,
GB-2564208-A,A method and system for verifying ownership of a digital asset using a distributed hash table and a peer-to-peer distributed ledger ,Nchain Holdings Ltd,"Savanah Stephane, Steven Wright Craig",13/05/2016,12/05/2017,09/01/2019,,https://patents.google.com/patent/GB2564208A/en,
GB-2561728-A,Determining a common secret for the secure exchange of information and hierarchical deterministic cryptographic keys ,Nchain Holdings Ltd,"Steven Wright Craig, Savanah Stephane",23/02/2016,16/02/2017,24/10/2018,,https://patents.google.com/patent/GB2561728A/en,
GB-2558484-A,A method and system for the secure transfer of entities on a blockchain ,Nchain Holdings Ltd,"Savanah Stephane, Steven Wright Craig",23/02/2016,16/02/2017,11/07/2018,,https://patents.google.com/patent/GB2558484A/en,
GB-2573828-A,Method for intelligently selecting accounting node of blockchain ,Beijing Easy Ai Tech Co Ltd,"Duan Kai, Chen Jianwu",14/05/2018,20/06/2018,20/11/2019,,https://patents.google.com/patent/GB2573828A/en,
GB-2581083-A,Optimization of high volume transaction performance on a blockchain ,Ibm,"Guar Nitin, Christidis Konstantinos, Wang Yun",17/11/2017,10/10/2018,05/08/2020,,https://patents.google.com/patent/GB2581083A/en,
GB-2572627-A,Hybrid blockchain transaction system ,Electroneum Ltd,Ells Richard,05/04/2018,05/04/2018,09/10/2019,,https://patents.google.com/patent/GB2572627A/en,
GB-2602766-A,Wind-powered computing buoy ,Lone Gull Holdings Ltd,"Lee Moffat Brian, Alexander Sheldon-Coulson Garth",27/01/2018,25/01/2019,13/07/2022,,https://patents.google.com/patent/GB2602766A/en,
GB-2583993-A,"Immutable ledger with efficient and secure data destruction, system and method ",Luther Systems Ltd,"Matsuo Bryan, Wood Samuel, Kakavand Hossein",19/11/2018,19/11/2019,18/11/2020,,https://patents.google.com/patent/GB2583993A/en,
GB-2572088-A,Controlling access to a locked space using cryptographic keys stored on a blockchain ,Walmart Apollo Llc,"R High Donald, Walter Wilkinson Bruce, D Mattingly Todd, John J O'brien V, L Cantrell Robert, Gerard Mchale Brian, Jurich Joseph Jr",14/12/2016,13/12/2017,18/09/2019,,https://patents.google.com/patent/GB2572088A/en,
GB-2572088-A8,Controlling access to a locked space using cryptographic keys stored on a blockchain ,Walmart Apollo Llc,"R High Donald, Walter Wilkinson Bruce, D Mattingly Todd, John J O'brien V, L Cantrell Robert, Gerard Mchale Brian, Jurich Joseph Jr",14/12/2016,13/12/2017,09/10/2019,,https://patents.google.com/patent/GB2572088A8/en,
GB-2573666-A,Verifying authenticity of computer readable information using the blockchain ,Walmart Apollo Llc,"R High Donald, Walter Wilkinson Bruce, D Mattingly Todd, Gerard Mchale Brian, John J O'brien V, L Cantrell Robert, Jurich Joseph Jr",23/12/2016,13/12/2017,13/11/2019,,https://patents.google.com/patent/GB2573666A/en,
GB-2571869-A,Obtaining a medical record stored on a blockchain from a wearable device ,Walmart Apollo Llc,"R High Donald, Walter Wilkinson Bruce, D Mattingly Todd, L Cantrell Robert, John J O'brien V, Gerard Mchale Brian, Jurich Joesph Jr",14/12/2016,13/12/2017,11/09/2019,,https://patents.google.com/patent/GB2571869A/en,
GB-2571869-A8,Obtaining a medical record stored on a blockchain from a wearable device ,Walmart Apollo Llc,"R High Donald, Walter Wilkinson Bruce, D Mattingly Todd, L Cantrell Robert, John J O'brien V, Gerard Mchale Brian, Jurich Joesph Jr",14/12/2016,13/12/2017,25/09/2019,,https://patents.google.com/patent/GB2571869A8/en,
GB-2564519-A,Computer-implemented methods and systems for validating tokens for blockchain-based cryptocurrencies ,Nchain Holdings Ltd,"Savanah Stephane, Steven Wright Craig",11/04/2016,10/04/2017,16/01/2019,,https://patents.google.com/patent/GB2564519A/en,
GB-2607730-A,"A method, device and mobile terminal of digital asset transaction ",Xu Wei,Xu Wei,20/09/2016,06/11/2017,14/12/2022,,https://patents.google.com/patent/GB2607730A/en,
GB-2558688-A,Event attestation for an electronic device ,Trustonic Ltd,"Hayton Richard, Loreskar Chris, Kenneth Felton Donald",10/01/2017,20/06/2017,18/07/2018,,https://patents.google.com/patent/GB2558688A/en,
GB-2547712-A,Method and apparatus for generating time series data sets for predictive analysis ,Fujitsu Ltd,"Townsend Joseph, Mendes Rodrigues Eduarda",29/02/2016,29/02/2016,30/08/2017,,https://patents.google.com/patent/GB2547712A/en,
GB-2612700-A,Multiple transfers of blockchain-based tokens ,Vivid Seats Llc,M Wagner Jonathan,12/10/2021,03/10/2022,10/05/2023,,https://patents.google.com/patent/GB2612700A/en,
GB-2551246-A,Smartphone fraud-proof authorization and authentication for secure interactions ,Avaya Inc,"Chavez David, Philonenko Laurent",06/04/2016,06/04/2017,13/12/2017,,https://patents.google.com/patent/GB2551246A/en,
GB-2603834-A,Blockchain based service reservation and delegation ,Ibm,"Jiang Li, Ni Zhang Li, Rui Zhao Wen, Bo Jiang Jing, Zhao Yu, Luo Lan, long chen Li",17/11/2020,03/11/2021,17/08/2022,,https://patents.google.com/patent/GB2603834A/en,
GB-2540975-A,Mitigating blockchain attack ,British Telecomm,"Daniel Joshua, Ducatel Gery, Dimitrakos Theo",31/07/2015,31/07/2015,08/02/2017,,https://patents.google.com/patent/GB2540975A/en,
GB-2559640-A,A system and method for evaluating the feasibility of introducing a new node in a blockchain infrastructure ,Zensar Tech Limited,"Chandra Soni Ramesh, Gupta Sandeep, Hastak Mohan",27/01/2017,15/09/2017,15/08/2018,,https://patents.google.com/patent/GB2559640A/en,
GB-2570301-A,Interaction between blockchains ,Setl Development Ltd,Pennington Nicholas,17/01/2018,17/01/2018,24/07/2019,,https://patents.google.com/patent/GB2570301A/en,
GB-2577751-A,A consensus method and framework for a blockchain system ,Dragon Infosec Ltd,Matthew Dennis Richard,05/10/2018,05/10/2018,08/04/2020,,https://patents.google.com/patent/GB2577751A/en,
GB-2583243-A,Blockchain validation system ,Paypal Inc,Anthony Nuzzi Frank,14/12/2017,13/12/2018,21/10/2020,,https://patents.google.com/patent/GB2583243A/en,
GB-2562054-A,Automotive electronic blockchain information system - AEBIS ,Bitbond Ltd,Cabrera Fernandez Florencio,02/05/2017,02/05/2017,07/11/2018,,https://patents.google.com/patent/GB2562054A/en,
GB-2604523-A,Electronic trading and settlement system for blockchain-integrated cryptographic difficulty-based financial instruments ,Eris Digital Holdings Llc,"Trudeau Matthew, Mcglawn Joseph, Chippas Thomas",09/12/2019,09/12/2020,07/09/2022,,https://patents.google.com/patent/GB2604523A/en,
GB-2580914-A,Vehicles and transportation systems employing blockchain-based monitoring ,Utterberry Ltd,Bevan Heba,29/01/2019,29/01/2019,05/08/2020,,https://patents.google.com/patent/GB2580914A/en,
GB-2597409-A,Distributed ledger management system for interest bearing digitized fiat currencies ,Eris Digital Holdings Llc,"Trudeau Matthew, Acuna-Rohter Tony, Nikolich Anita, Brady Benedict, Mcglawn Joseph",30/05/2019,01/06/2020,26/01/2022,,https://patents.google.com/patent/GB2597409A/en,
GB-2597592-A,Computer-implemented control system and method ,Elas Holdings PTY LTD,Lee Brendan,10/06/2020,08/06/2021,02/02/2022,,https://patents.google.com/patent/GB2597592A/en,
GB-2600543-A,Compliance mechanisms in blockchain networks ,Ibm,"Novotny Petr, Irazabal Jeronimo, Gaur Nitin, B Ponceleon Dulce",27/09/2020,16/09/2021,04/05/2022,,https://patents.google.com/patent/GB2600543A/en,
GB-2582078-A,System and method for composite-key based blockchain device control ,Nagarajaswamy Ramesh Belavadi,Nagarajaswamy Ramesh Belavadi,23/03/2018,01/03/2019,09/09/2020,,https://patents.google.com/patent/GB2582078A/en,
GB-2578168-A,Computer-implemented method and system for digital signing of transactions ,Star Hat Solutions Ltd,"Dylan Ward Christopher, Gueorguiev Asenov Roumen, James Elkins Michael",19/10/2018,19/10/2018,22/04/2020,,https://patents.google.com/patent/GB2578168A/en,
GB-2603309-A,Transfering tokens between blockchain networks ,Ibm,"Kleniewski Robert, Marzantowicz Karolina, Godowski Piotr",31/07/2019,24/07/2020,03/08/2022,,https://patents.google.com/patent/GB2603309A/en,
GB-2607780-A,Index structure for blockchain ledger ,Ibm,"Ah Yoon Woong, Casella Alex, Ishiguro Bonnie, Zhang Jingzhan",23/01/2020,12/01/2021,14/12/2022,,https://patents.google.com/patent/GB2607780A/en,
GB-2559165-A,Blockchain zero checksum trading system ,Cabrera Fernandez Florencio,Cabrera Fernandez Florencio,29/01/2017,29/01/2017,01/08/2018,,https://patents.google.com/patent/GB2559165A/en,
GB-2610534-A,Cross-network identity provisioning ,Ibm,"Novotny Petr, Olson Timothy, Ramakrishna Venkatraman, Gaur Nitin",13/05/2020,10/05/2021,08/03/2023,,https://patents.google.com/patent/GB2610534A/en,
GB-2592626-A,Method of generating a public key ,Nchain Holdings Ltd,"Steven Wright Craig, Vaughan Owen, Pettit Michaella",04/03/2020,04/03/2020,08/09/2021,,https://patents.google.com/patent/GB2592626A/en,
GB-2592831-A,Asset processing method and system for converting an asset as a digital asset ,Jiangsu Aowei Holdings Co Ltd,Bai Jie,21/09/2020,16/06/2021,08/09/2021,,https://patents.google.com/patent/GB2592831A/en,
GB-2610107-A,Faster view change for blockchain ,Ibm,"Manevich Yacov, Barger Artem, Meir Hagar, Tock Yoav",17/04/2020,13/04/2021,22/02/2023,,https://patents.google.com/patent/GB2610107A/en,
GB-2601049-A,Blockchain implemented data migration audit trail ,Kyndryl Inc,"Saurabh Kumar, Sundaramurthy Gururajan, Gooly Susheel",08/10/2020,24/09/2021,18/05/2022,,https://patents.google.com/patent/GB2601049A/en,
GB-2606111-A,Partially-ordered blockchain ,Ibm,"Narayanam Krishnasuri, Kumar Ken, Pankaj Satyanarayan Dayama, Kaul Akshar",23/12/2019,15/12/2020,26/10/2022,,https://patents.google.com/patent/GB2606111A/en,
GB-2585816-A,Proof-of-work for blockchain applications ,Univ York,"Luliana Teodor Roxana, Damian Ashton Peter, Fayyaz Shahandashti Siamak, Bancroft Ian",12/12/2018,12/12/2018,27/01/2021,,https://patents.google.com/patent/GB2585816A/en,
GB-2576375-A,Transaction system and method of operation thereof ,Uvue Ltd,"William Simpson Toby, R?nnow Troels, Ward Jonathan",17/08/2018,17/08/2018,19/02/2020,,https://patents.google.com/patent/GB2576375A/en,
GB-2604556-A,"Blockchain implemented data hiding solutions for improvements in secure communication, storage and transmission of data ",Jaj Tech Pte Ltd,"Louis Fauvel Alexander, Merdegia Ramos Remie",18/12/2019,18/12/2020,07/09/2022,,https://patents.google.com/patent/GB2604556A/en,
GB-2549085-A,Blockchain state reliability determination ,British Telecomm,"Daniel Joshua, Ducatel Gery, Zoualfaghari Mohammad",30/03/2016,30/03/2016,11/10/2017,,https://patents.google.com/patent/GB2549085A/en,
GB-2606077-A,Random node selection for permissioned blockchain ,Ibm,"Manevich Yacov, Barger Artem, Meir Hagar",04/11/2019,22/10/2020,26/10/2022,,https://patents.google.com/patent/GB2606077A/en,
GB-2594396-A,Cryptocurrency based malware and ransomware detection systems and methods ,Ciphertrace Inc,"Jevans David, Cilibrasi Rudi",20/11/2018,18/11/2019,27/10/2021,,https://patents.google.com/patent/GB2594396A/en,
GB-2593647-A,Blockchain transaction analysis and anti-money laundering compliance systems and methods ,"Ciphertrace Inc, Jevans David","Jevans David, Cilibrasi Rudi",20/11/2018,18/11/2019,29/09/2021,,https://patents.google.com/patent/GB2593647A/en,
GB-2588659-A,Communication protocol using blockchain transactions ,Nchain Holdings Ltd,"Mackay Alexander, Tartan Chloe, Wahab Jad, Serguieva Antoaneta, Steven Wright Craig",31/10/2019,31/10/2019,05/05/2021,,https://patents.google.com/patent/GB2588659A/en,
GB-2548802-A,Methods for creating and verifying an electronic user identity ,Bitcred Ltd,Chu Hector,22/03/2016,22/03/2016,04/10/2017,,https://patents.google.com/patent/GB2548802A/en,
GB-2614841-A,Consensus service for blockchain networks ,Ibm,"Manevich Yacov, Karl Yellick Jason",29/09/2020,15/07/2021,19/07/2023,,https://patents.google.com/patent/GB2614841A/en,
GB-2566741-A,Integrity of data records ,Phm Associates Ltd,Hookham-Miller Peter,26/09/2017,26/09/2017,27/03/2019,,https://patents.google.com/patent/GB2566741A/en,
GB-2587773-A,Streaming portions of data over a side channel ,Nchain Holdings Ltd,"Zhang Wei, Davies Jack, Steven Wright Craig",24/05/2019,24/05/2019,14/04/2021,,https://patents.google.com/patent/GB2587773A/en,
GB-2583767-A,Methods and devices for public key management using a blockchain ,Nchain Holdings Ltd,"Steven Wright Craig, Zhang Wei",10/05/2019,10/05/2019,11/11/2020,,https://patents.google.com/patent/GB2583767A/en,
GB-2574828-A,Leader selection for permissioned blockchain ,Setl Ltd,Pennington Nicholas,19/06/2018,19/06/2018,25/12/2019,,https://patents.google.com/patent/GB2574828A/en,
GB-2597181-A,Systems and methods for tokenized control of smart contracts ,Akiva Capital Holdings Inc,Dubrofsky Akiva,10/04/2019,30/03/2020,19/01/2022,,https://patents.google.com/patent/GB2597181A/en,
GB-2571015-A,Random number generation ,Quanta Tech Limited,"Quan Ho, Zanjani Adam",05/12/2016,05/12/2017,14/08/2019,,https://patents.google.com/patent/GB2571015A/en,
GB-2488906-A,Intelligent delivery and acquistion of digital assets ,Apple Inc,"Christopher Chang, Sean Kelly, Olagappan Manickam, Thomas Alsina, Payam Mirrashidi, Michael Kuohao Chu, Kevin Lafferty",09/03/2011,08/03/2012,12/09/2012,,https://patents.google.com/patent/GB2488906A/en,
GB-201204135-D0,Intelligent delivery and acquisition of digital assets ,Apple Inc,,09/03/2011,08/03/2012,25/04/2012,,https://patents.google.com/patent/GB201204135D0/en,
GB-2594658-A,Leveraging blockchain technology for auditing cloud service for data protection compliance ,Emc Ip Holding Co Llc,"Zlotnick David, Natanzon Assaf",16/01/2019,30/09/2019,03/11/2021,,https://patents.google.com/patent/GB2594658A/en,
GB-2579934-A,Deferred update of database hashcode in blockchain ,Ibm,"Horii Hiroshi, Kawahara Ryo",11/08/2017,18/12/2017,08/07/2020,,https://patents.google.com/patent/GB2579934A/en,
GB-2594646-A8,Blockchain technology for regulatory compliance of data management systems ,Emc Ip Holding Co Llc,"Zlotnick David, Gaash Natali, Wexler Roi, Yisrael Gispan Aviad, Helbitz Inbar",16/01/2019,03/10/2019,17/11/2021,,https://patents.google.com/patent/GB2594646A8/en,
GB-2594646-A,Blockchain technology for regulatory compliance of data management systems ,Emc Ip Holding Co Llc,"Lotnick David, Gaash Natali, Wexler Roi, Yisrael Gispan Aviad, Helbitz Inbar",16/01/2019,03/10/2019,03/11/2021,,https://patents.google.com/patent/GB2594646A/en,
GB-2592338-A,Digital contracts using blockchain transactions ,Nchain Holdings Ltd,"Mackay Alexander, Steven Wright Craig",25/07/2019,25/07/2019,01/09/2021,,https://patents.google.com/patent/GB2592338A/en,
GB-2573187-A,Methods and devices for detecting denial of service attacks in secure interactions ,Avaya Inc,Grebovich Dragan,22/01/2018,17/01/2019,30/10/2019,,https://patents.google.com/patent/GB2573187A/en,
GB-2594417-A,Blockchain technology for data integrity regulation and proof of existence in data protection systems ,Emc Ip Holding Co Llc,"Natanzon Assaf, Zlotnick David",16/01/2019,30/09/2019,27/10/2021,,https://patents.google.com/patent/GB2594417A/en,
GB-2594018-A,"Method, system, and computer readable medium for transferring cryptographic tokens ",Perk Hero Software Inc,"Edward Griffin Desmond, Maria Griffin Angela",19/12/2018,06/06/2019,13/10/2021,,https://patents.google.com/patent/GB2594018A/en,
GB-2588072-A,Malleability of transactions for inclusion in a blockchain ,Nchain Holdings Ltd,"Zhang Wei, Davies Jack, Steven Wright Craig",24/05/2019,24/05/2019,21/04/2021,,https://patents.google.com/patent/GB2588072A/en,
GB-2570786-A,Distributed ledger for retailing and issuing public transport tickets ,Norton Linus,Norton Linus,14/12/2017,14/12/2018,07/08/2019,,https://patents.google.com/patent/GB2570786A/en,
GB-2613724-A,Blockchain management of provisioning failures ,Ibm,"Jiang Jingbo, Zhang Lini, Chen Lilong, Zhao Yu, Zhao Wenrui, Luo Lan, Jiang Li",03/08/2020,25/06/2021,14/06/2023,,https://patents.google.com/patent/GB2613724A/en,
GB-2603068-A8,A blockchain based hybrid system and method thereof for construction document management ,Build It Ltd,Keung Ng Chun,25/10/2019,21/10/2020,28/09/2022,,https://patents.google.com/patent/GB2603068A8/en,
GB-2603068-A,A blockchain based hybrid system and method thereof for construction document management ,Build It Ltd,Keung Ng Chun,25/10/2019,21/10/2020,27/07/2022,,https://patents.google.com/patent/GB2603068A/en,
GB-2573394-A,Crypto SIM and method therefor ,ZingMobile Pte Ltd,"Tang Gordon Yuen Yu, Ranjan Anurag, Kiet Teo Siew",19/03/2019,19/03/2019,06/11/2019,,https://patents.google.com/patent/GB2573394A/en,
GB-2583313-A,Machine learning to integrate knowledge and natural language processing ,Ibm,"Bacarella David, Barnebee James, Lawrence Nicholas, Patel Sumit",10/01/2018,31/12/2018,21/10/2020,,https://patents.google.com/patent/GB2583313A/en,
GB-2593109-A,Reliability verification system for digital-asset data packet ,Jiangsu Aowei Holdings Co Ltd,Bai Jie,21/09/2020,15/06/2021,15/09/2021,,https://patents.google.com/patent/GB2593109A/en,
GB-2591324-A,Systems and methods for providing secure data access control using distributed ledgers ,Mash Daniel,Mash Daniel,29/10/2019,27/10/2020,28/07/2021,,https://patents.google.com/patent/GB2591324A/en,
GB-2533340-A,Network system and method for transferring cryptocurrencies between a user account and a receiving account ,Ibm,"Androulaki Elli, Kind Andreas, Koltsidas Ioannis",17/12/2014,17/12/2014,22/06/2016,,https://patents.google.com/patent/GB2533340A/en,
GB-2586470-A,Systems and methods for generating smart contracts to manage escrow transactions ,"Paul Zynda Edmund iii, Frank Pira","Joseph Pira Frank, Paul Zynda Edmund iii",19/08/2019,19/08/2019,24/02/2021,,https://patents.google.com/patent/GB2586470A/en,
GB-2572135-A,Data transaction system and method ,The Maidsafe Found,"Irvine David, Rajkumar Vivekanand, Kaminski Bartlomiej, Chevalier Pierre",07/03/2018,07/03/2018,25/09/2019,,https://patents.google.com/patent/GB2572135A/en,
GB-2591625-A,A method of loyalty exchange transaction by using blockchain for reward point exchange ,Asia Top Loyalty Ltd,Keung Chen Pak,19/07/2018,17/07/2019,04/08/2021,,https://patents.google.com/patent/GB2591625A/en,
GB-2597197-A,Systems and methods for blockchain-based secure storage ,Jpmorgan Chase Bank Na,"William Hill Eric, Philip Hiebel Kevin, Habel Jacob, Freeman David",13/02/2019,12/02/2020,19/01/2022,,https://patents.google.com/patent/GB2597197A/en,
GB-2583770-A,Methods and devices for registering and authenticating miner identity in a blockchain network ,Nchain Holdings Ltd,"Steven Wright Craig, Mackay Alexander, Zhang Wei, Patrick Coughlan Steven, James Mee Andrew",10/05/2019,10/05/2019,11/11/2020,,https://patents.google.com/patent/GB2583770A/en,
GB-2559592-A,Blockchain (ML) Technology ,Mollah Stephen,Mollah Stephen,09/02/2017,09/02/2017,15/08/2018,,https://patents.google.com/patent/GB2559592A/en,
GB-2584154-A,Knowledge proof ,Nchain Holdings Ltd,"Joseph Daniel, Steven Wright Craig",24/05/2019,24/05/2019,25/11/2020,,https://patents.google.com/patent/GB2584154A/en,
GB-2607701-A,Multi-node authentication method and apparatus based on block chain ,Fns Value Co Ltd,Ju Jeon Seung,17/01/2020,20/10/2020,14/12/2022,,https://patents.google.com/patent/GB2607701A/en,
GB-2565179-A,Component-based synchronization of digital assets ,Adobe Systems Inc,"J Switzer Stanley, Horns Roey, I Goldman Oliver, R Wixson Julian",22/06/2017,18/04/2018,06/02/2019,,https://patents.google.com/patent/GB2565179A/en,
GB-2591164-A,Multi-node authentication method and apparatus based on block chain ,Fns Value Co Ltd,Ju Jeon Seung,17/01/2020,20/10/2020,21/07/2021,,https://patents.google.com/patent/GB2591164A/en,
GB-2608328-A,Digital asset exchange system and related methods ,Daxchain Ltd,"Phan Maggie, Phan Anthony",23/03/2020,22/03/2021,28/12/2022,,https://patents.google.com/patent/GB2608328A/en,
GB-2604273-A,Multi-tier tokenization platform ,Pontoro Inc,"Vaddhana-Moni Sinmao Monique, Vitti Antonio, Sham Ka, Havelock Dewing Robert",10/10/2018,09/10/2020,31/08/2022,,https://patents.google.com/patent/GB2604273A/en,
GB-2596065-A,Generating blockchain addresses ,Nchain Holdings Ltd,"Owen Davies Jack, Ceren Tartan Chloe, Mackay Alexander, Serguieva Antoaneta, Steven Wright Craig",12/06/2020,12/06/2020,22/12/2021,,https://patents.google.com/patent/GB2596065A/en,
GB-2581970-A,Method of using a blockchain ,Nchain Holdings Ltd,"Steven Wright Craig, Vaughan Owen, G Doiron Brock",04/03/2019,04/03/2019,09/09/2020,,https://patents.google.com/patent/GB2581970A/en,
GB-2594231-A,Mapping keys to a blockchain overlay network ,Nchain Holdings Ltd,"Davies Jack, Steven Wright Craig",24/12/2019,24/12/2019,27/10/2021,,https://patents.google.com/patent/GB2594231A/en,
GB-2514716-A,System and method for monitoring third party access to a restricted item ,Univ Stellenbosch,"Gert-Jan Van Rooyen, Frederick Johannes Lutz, Herman Arnold Engelbrecht",25/10/2013,10/09/2014,03/12/2014,,https://patents.google.com/patent/GB2514716A/en,
GB-2571545-A,Method for controlling reproduction of an item ,Wippit Ltd,Veldsman Barrett,28/02/2018,28/02/2018,04/09/2019,,https://patents.google.com/patent/GB2571545A/en,
GB-2589542-A,System and method for determining and executing usage-based transactions using smart contracts and disturbed ledger arrangement ,Tietze Frank,Tietze Frank,04/09/2019,04/09/2019,09/06/2021,,https://patents.google.com/patent/GB2589542A/en,
GB-2577971-A,Improving conflict resolution within synchronized compostite-part-based digital assets ,Adobe Inc,"Horns Roey, I Goldman Oliver",12/10/2018,12/08/2019,15/04/2020,,https://patents.google.com/patent/GB2577971A/en,
GB-2599416-A,Authentication system and method ,Nchain Holdings Ltd,"Owen Davies Jack, Steven Wright Craig",30/09/2020,30/09/2020,06/04/2022,,https://patents.google.com/patent/GB2599416A/en,
GB-201122196-D0,System and method for safeguarding digital objects consisting of digital assets ,Zoo Digital Ltd,,30/11/2010,22/12/2011,01/02/2012,,https://patents.google.com/patent/GB201122196D0/en,
GB-2599735-A,Blockchain ,Cambridge Cryptographic Ltd,"Chan Ying, Fletcher John",12/10/2020,12/10/2020,13/04/2022,,https://patents.google.com/patent/GB2599735A/en,
GB-2573840-A,A method and system for transferring a digital asset ,Imagenpay Uk Ltd,Sean Dowd Robert,18/05/2018,15/10/2018,20/11/2019,,https://patents.google.com/patent/GB2573840A/en,
GB-2587541-A,A consensus method and framework for a blockchain system ,Dragon Infosec Ltd,Matthew Dennis Richard,05/10/2018,05/10/2018,31/03/2021,,https://patents.google.com/patent/GB2587541A/en,
GB-2575624-A,Token generation ,Wrt Tech Limited,"Stein Garry, Lim Chee-Wah Datuk, Welser William, Hill Stephen",15/06/2018,15/06/2018,22/01/2020,,https://patents.google.com/patent/GB2575624A/en,
GB-2573519-A,Verified resource supply system and method of operation thereof ,Rowanalytics Ltd,"Philip Gardner Stephen, Lykke Moller Gert, Erik Jensen Claus",07/05/2018,07/05/2018,13/11/2019,,https://patents.google.com/patent/GB2573519A/en,
GB-2604000-A,Blockchain selective world state database ,Ibm,"Kumar Garg Anuj, Madhukar Mani, Kumar Gupta Neeraj, Khatri Vineet",02/12/2020,17/11/2021,24/08/2022,,https://patents.google.com/patent/GB2604000A/en,
GB-2573499-A,A method of communicating ,Chaddenwych Services Ltd,"Paul Ellis William, Nicholas Paul Ellis Jeremy",22/03/2018,22/03/2018,13/11/2019,,https://patents.google.com/patent/GB2573499A/en,
GB-2615710-A,Key reclamation in blockchain network via OPRF ,Ibm,"Manevich Yacov, Gaur Nitin, B Ponceleon Dulce, Novotny Petr",24/11/2020,25/10/2021,16/08/2023,,https://patents.google.com/patent/GB2615710A/en,
GB-2612236-A,System and method for managing verification and identity information ,Markaaz Inc,"Fam Hany, Hubschmid Fabienne",29/06/2020,29/06/2021,26/04/2023,,https://patents.google.com/patent/GB2612236A/en,
GB-2595954-A,"Detection program, detection method, and detection device ",Fujitsu Ltd,Taniguchi Tsuyoshi,12/06/2020,16/03/2021,15/12/2021,,https://patents.google.com/patent/GB2595954A/en,
GB-2601328-A,Blockchain ,Cambridge Cryptographic Ltd,"Fletcher John, Chan Ying",25/11/2020,25/11/2020,01/06/2022,,https://patents.google.com/patent/GB2601328A/en,
GB-2599734-A,Blockchain ,Cambridge Cryptographic Ltd,"Fletcher John, Chan Ying",12/10/2020,12/10/2020,13/04/2022,,https://patents.google.com/patent/GB2599734A/en,
GB-2584346-A,Data-exchange between blockchains ,British Telecomm,Piolimoro Evandro,31/05/2019,31/05/2019,02/12/2020,,https://patents.google.com/patent/GB2584346A/en,
GB-2579594-A,Blockchain data processing system and method of operation thereof ,Ernst & Young Gmbh,"St?nder Thorsten, Christiansen Thomas",05/12/2018,05/12/2018,01/07/2020,,https://patents.google.com/patent/GB2579594A/en,
GB-2585010-A,Cryptocurrency key management ,Blockstar Developments Ltd,"Roach Paul, Sabanov Tim",24/06/2019,24/06/2019,30/12/2020,,https://patents.google.com/patent/GB2585010A/en,
GB-2581012-A,Systems and methods for leasing equipment or facilities using blockchain technology ,Honeywell Int Inc,"RAO Sujay, Kar Satyanarayan, Estipona Butters Lisa, Jayarajan Keerthi, Palani Kamesh, Raman Kishore Koyalkar, Sourav Kumar S, Singadi Kariyappa",07/12/2018,03/12/2019,05/08/2020,,https://patents.google.com/patent/GB2581012A/en,
GB-2486028-A,Safeguarding digital objects by employing a database of unique identifiers ,Zoo Digital Ltd,"Stuart Green, Elizabeth Susan Stone, Gordon Doran, Gareth Thomas Simpson",30/11/2010,04/02/2011,06/06/2012,,https://patents.google.com/patent/GB2486028A/en,
GB-2592627-A,Method of generating a hash-based message authentication code ,Nchain Holdings Ltd,"Steven Wright Craig, Vaughan Owen, Pettit Michaella",04/03/2020,04/03/2020,08/09/2021,,https://patents.google.com/patent/GB2592627A/en,
GB-2592979-A,Revoking access to a network ,Nchain Holdings Ltd,"Ceren Tartan Chloe, Mackay Alexander, Steven Wright Craig",13/03/2020,13/03/2020,15/09/2021,,https://patents.google.com/patent/GB2592979A/en,
GB-2594272-A,Method for implementing a digital coin system using a blockchain ,Nchain Holdings Ltd,"Pettit Michaella, Steven Wright Craig",21/04/2020,21/04/2020,27/10/2021,,https://patents.google.com/patent/GB2594272A/en,
GB-2595216-A,Multi-layer communication network ,Nchain Holdings Ltd,"Ceren Tartan Chloe, Mackay Alexander, Steven Wright Craig",15/05/2020,15/05/2020,24/11/2021,,https://patents.google.com/patent/GB2595216A/en,
GB-2486818-A,Watermarking and encrypting digital media to prevent copyright abuse and enable digital rights management (DRM) ,Zoo Digital Ltd,"Stuart Antony Green, Elizabeth Susan Stone, Gordon Doran, Gareth Thomas Simpson",30/11/2010,22/12/2011,27/06/2012,,https://patents.google.com/patent/GB2486818A/en,
GB-2597703-A,Blockchain based tax mechanism ,Nchain Holdings Ltd,"Joseph Daniel, Steven Wright Craig",30/07/2020,30/07/2020,09/02/2022,,https://patents.google.com/patent/GB2597703A/en,
GB-2597955-A,Pseudo-ramdom selection on the blockchain ,Nchain Holdings Ltd,"Owen Davies Jack, Ceren Tartan Chloe",11/08/2020,11/08/2020,16/02/2022,,https://patents.google.com/patent/GB2597955A/en,
GB-2598945-A,Commensal token system ,Nchain Holdings Ltd,"Zhang Wei, Steven Wright Craig",21/09/2020,21/09/2020,23/03/2022,,https://patents.google.com/patent/GB2598945A/en,
GB-2573839-A,"A system, method, and device for managing a digital wallet application ",Imagenpay Uk Ltd,Sean Dowd Robert,18/05/2018,15/10/2018,20/11/2019,,https://patents.google.com/patent/GB2573839A/en,
GB-2600606-A,Blockchain ledger validation and service ,Motional Ad Llc,John Jr Margaria James,23/07/2019,22/07/2020,04/05/2022,,https://patents.google.com/patent/GB2600606A/en,
GB-2568453-A,Systems and methods for user identity ,Blockpass Idn Ltd,"Vaziri Zanjani Adam, Leiritz Thomas, Ho?ng To?n",14/09/2017,14/09/2017,22/05/2019,,https://patents.google.com/patent/GB2568453A/en,
GB-2561935-A,A system for providing an end-to-end network ,Zeetta Networks Ltd,"Dent-Young Crispin, Sowatskey Nathan, Seferidis Vassilis, Ellen Anne Mulligan Catherine",24/11/2017,24/11/2017,31/10/2018,,https://patents.google.com/patent/GB2561935A/en,
GB-2612267-A,Sustainble tokens for supply chain with privacy preserving protocol ,Ibm,"Irazabal Jeronimo, Claudia Lanza Mariela",24/07/2020,21/07/2021,26/04/2023,,https://patents.google.com/patent/GB2612267A/en,
GB-2604561-A,Dynamic permission assignment and enforcement for transport process ,"Ibm, Gtd Solution Inc","Claudia Biazetti Ana, Andrew Lanzen Craig, Dierker Lees Dillon, Lieber Aaron, David N?rmark Jespersen Nis, Rodrigues Thiago",27/11/2019,20/11/2020,07/09/2022,,https://patents.google.com/patent/GB2604561A/en,
GB-2583766-A,Methods and devices for recording work history and proving reputation in a blockchain network ,Nchain Holdings Ltd,"Steven Wright Craig, Mackay Alexander, Zhang Wei, Patrick Coughlan Steven, James Mee Andrew",10/05/2019,10/05/2019,11/11/2020,,https://patents.google.com/patent/GB2583766A/en,
GB-2588002-A,Security management for networked client devices using a distributed ledger service ,Nxm Labs Canada Inc,"Zankowicz Josef, Fallah Jay, Rankine Scott, Byrne Kristopher, John Oerton Kevin",10/05/2018,10/05/2019,14/04/2021,,https://patents.google.com/patent/GB2588002A/en,
GB-2598112-A,Threshold signatures ,Nchain Holdings Ltd,"Pettit Michaella, Steven Wright Craig",18/08/2020,18/08/2020,23/02/2022,,https://patents.google.com/patent/GB2598112A/en,
GB-2597539-A,Generating shared private keys ,Nchain Holdings Ltd,Pettit Michaella,28/07/2020,28/07/2020,02/02/2022,,https://patents.google.com/patent/GB2597539A/en,
GB-2589636-A,Identity-based public-key generation protocol ,Nchain Holdings Ltd,"Ammar Bassem, Zhang Wei, Fletcher John",06/12/2019,06/12/2019,09/06/2021,,https://patents.google.com/patent/GB2589636A/en,
GB-2582978-A8,Methods and devices for propagating blocks in a blockchain network ,Nchain Holdings Ltd,"Mackay Alexander, Zhang Wei, Patrick Coughlan Steven, Steven Wright Craig",12/04/2019,12/04/2019,16/12/2020,,https://patents.google.com/patent/GB2582978A8/en,
GB-2549075-A,"Device, method and system for a distributed ledger ",Mount Watatic Ltd,Quinn Brendan,24/03/2016,24/03/2016,11/10/2017,,https://patents.google.com/patent/GB2549075A/en,
GB-2581315-A,Secure data communication ,Barclays Execution Services Ltd,Bushell Scott,30/10/2018,30/10/2018,19/08/2020,,https://patents.google.com/patent/GB2581315A/en,
GB-2577118-A,Autonomous quality regulation for distributed ledger networks ,Arqit Ltd,Williams David,14/09/2018,14/09/2018,18/03/2020,,https://patents.google.com/patent/GB2577118A/en,
GB-2575704-A,Secure communication in a nondeterministic network ,Lenovo Singapore Pte Ltd,"David Waltermann Rod, Michael Pennisi Joseph",27/03/2018,26/03/2019,22/01/2020,,https://patents.google.com/patent/GB2575704A/en,
GB-2579635-A,A node testing method and apparatus for a blockchain system ,Dragon Infosec Ltd,"Matthew Dennis Richard, Huw Owenson Gareth",07/12/2018,07/12/2018,01/07/2020,,https://patents.google.com/patent/GB2579635A/en,
GB-2582978-A,Methods and devices for propagating blocks in a blockchain network ,Nchain Holdings Ltd,"Mackay Alexander, Zhang Wei, Shadders Steve, Steven Wright Craig",12/04/2019,12/04/2019,14/10/2020,,https://patents.google.com/patent/GB2582978A/en,
GB-2593421-A,Method of using a blockchain ,Nchain Holdings Ltd,"Owen Davies Jack, Joseph Daniel, Steven Wright Craig",24/10/2019,24/10/2019,29/09/2021,,https://patents.google.com/patent/GB2593421A/en,
GB-2564389-A,A system and method for utility management ,Green Running Ltd,"Gareth Davies Peter, Spiteri Conrad",04/07/2017,04/07/2017,16/01/2019,,https://patents.google.com/patent/GB2564389A/en,
GB-2572392-A,"A device, method and computer program product for re-allocating radio spectrum ","Sony Corp, Sony Europe Ltd",Brookes Karl,28/03/2018,28/03/2018,02/10/2019,,https://patents.google.com/patent/GB2572392A/en,
GB-2589578-A,Apparatus and methods for verifying a file origin ,Sage Global Services Ltd,"Stuart Goodwin Michael, Teyjas Jaya, Vogelberg Klaus-Michael, Latimer Christopher",02/12/2019,02/12/2019,09/06/2021,,https://patents.google.com/patent/GB2589578A/en,
GB-2589348-A,Provably fair games using a blockchain ,Nchain Holdings Ltd,"Steven Wright Craig, Owen Davies Jack, Tartan Chloe",27/11/2019,27/11/2019,02/06/2021,,https://patents.google.com/patent/GB2589348A/en,
GB-2601384-A,Secure safety-critical system log ,Motional Ad Llc,"Maass Michael, James Wilson Charles, Margaria James",30/11/2020,04/01/2021,01/06/2022,,https://patents.google.com/patent/GB2601384A/en,
GB-2588138-A,Methods and devices for secure symbiotic mining ,Nchain Holdings Ltd,"Davies Jack, Zhang Wei, Steven Wright Craig",09/10/2019,09/10/2019,21/04/2021,,https://patents.google.com/patent/GB2588138A/en,
GB-2578487-A,Data processing apparatus and data processing method for internet of things system ,Inst Information Ind,"Hsiao Yu-Cheng, Lai Ying-Hsun",25/10/2018,27/11/2018,13/05/2020,,https://patents.google.com/patent/GB2578487A/en,
GB-2581935-A,Authenticating a payment card ,Ibm,"Adolfo Zamora Duran Edgar, Friedrich Liebinger Portela Franz, Monge Nunez Roxana, Vanessa Vargas Sheyla",27/11/2017,16/11/2018,02/09/2020,,https://patents.google.com/patent/GB2581935A/en,
GB-2592222-A,Distributed database ,Nchain Holdings Ltd,"Steven Wright Craig, Owen Davies Jack",19/02/2020,19/02/2020,25/08/2021,,https://patents.google.com/patent/GB2592222A/en,
GB-2600294-A,"AI/ML, distributed computing, and blockchained based reservoir management platform ",Landmark Graphics Corp,"Prasad Rangarajan Keshava, Vikram R Pandya Raja, Madasu Srinath, Dande Shashi",23/08/2019,21/08/2020,27/04/2022,,https://patents.google.com/patent/GB2600294A/en,
GB-2587028-A,Cryptographically linked identities ,Nchain Holdings Ltd,"G Doiron Brock, Steven Wright Craig",16/09/2019,16/09/2019,17/03/2021,,https://patents.google.com/patent/GB2587028A/en,
GB-2607026-A,A smart contract based blockchain application using non-fungible token for authorized asset sharing ,"Elmon Jacob, Elmon Brandon","Elmon Jacob, Elmon Brandon",23/05/2021,23/05/2021,30/11/2022,,https://patents.google.com/patent/GB2607026A/en,
GB-2595488-A,Filtering blockchain transactions ,Nchain Holdings Ltd,"Pagani Alessio, Steven Wright Craig",28/05/2020,28/05/2020,01/12/2021,,https://patents.google.com/patent/GB2595488A/en,
GB-2600293-A,"AI/ML, distributed computing, and blockchained based reservoir management platform ",Landmark Graphics Corp,"Prasad Rangarajan Keshava, Vikram R Pandya Raja, Madasu Srinath, Dande Shashi",23/08/2019,21/08/2020,27/04/2022,,https://patents.google.com/patent/GB2600293A/en,
GB-2589147-A,Methods and devices for automated digital certificate verification ,Nchain Holdings Ltd,"Pettit Michaella, Zhang Wei, Vaughan Owen, Steven Wright Craig",25/11/2019,25/11/2019,26/05/2021,,https://patents.google.com/patent/GB2589147A/en,
GB-2535237-A,Bitcoin technology ,Mollah Stephen,Mollah Stephen,11/02/2015,24/02/2015,17/08/2016,,https://patents.google.com/patent/GB2535237A/en,
GB-2606195-A,Methods and devices for enabling single page retrieval of merkle tree data ,Nchain Licensing Ag,"Patrick Coughlan Steven, Zhang Wei",29/04/2021,29/04/2021,02/11/2022,,https://patents.google.com/patent/GB2606195A/en,
GB-2607519-A,Conflict-free version control ,Ibm,"Shrinivasan Yedendra, Chaitanya Ratakonda Krishna, Choi Rak-Joon",20/01/2020,14/01/2021,07/12/2022,,https://patents.google.com/patent/GB2607519A/en,
GB-2583832-A8,Blockchain assisted asset pedigree traceback ,Tracelink Inc,"M Dahod Shabbir, Sturim Robert, Madhu Sudan Badri Narayan Vivek, Deus Lucia",08/03/2019,06/03/2020,26/05/2021,,https://patents.google.com/patent/GB2583832A8/en,
GB-2583832-A,Blockchain assisted asset pedigree trackback ,Tracelink Inc,"M Dahod Shabbir, Sturim Robert, Madhu Sudan Badri Narayan Vivek, Deus Lucia",08/03/2019,06/03/2020,11/11/2020,,https://patents.google.com/patent/GB2583832A/en,
GB-2528486-A,Verification method and system for digital currency ,Valasca Ltd,Joshua Daniels,23/07/2014,23/07/2014,27/01/2016,,https://patents.google.com/patent/GB2528486A/en,
GB-2575172-A,System and method for efficient and secure private similarity detection for large private document repositories ,Luther Systems Ltd,"Wood Samuel, Kakavand Hossein",24/05/2018,24/05/2019,01/01/2020,,https://patents.google.com/patent/GB2575172A/en,
GB-2599404-A,Verification system and method ,Nchain Holdings Ltd,"Owen Davies Jack, Steven Wright Craig",30/09/2020,30/09/2020,06/04/2022,,https://patents.google.com/patent/GB2599404A/en,
GB-2609833-A,Contextual integrity preservation ,Ibm,"Gaur Nitin, B Ponceleon Dulce, Katsis Ioannis",06/04/2020,23/03/2021,15/02/2023,,https://patents.google.com/patent/GB2609833A/en,
GB-2612551-A,Validating tracked portions of received sensor data using computer cryptographic processing ,Ibm,"Chakra Ai, Chakra Lama, Frey Bryce, D Freeman Latrell",30/07/2020,15/06/2021,03/05/2023,,https://patents.google.com/patent/GB2612551A/en,
GB-2610165-A,Coordinating peer-to-peer data transfer using blockchain ,Nchain Licensing Ag,"Paunoiu Alexandru, Steven Wright Craig",18/08/2021,18/08/2021,01/03/2023,,https://patents.google.com/patent/GB2610165A/en,
GB-2563742-A,Systems and methods for digital identity management and permission controls within distributed network nodes ,Northern Trust Corp,"Czupek Andrew, Monks Andrew, Stevens Anthony, Das Arijit, Price Christopher, Chapman Justin, Hannaway Wayne, Smith Zabrina",06/02/2017,19/12/2017,26/12/2018,,https://patents.google.com/patent/GB2563742A/en,
GB-2566824-A,Refund system and method ,Global Blue S A,"Michael Ling James, Menzinsky Richard",31/08/2018,31/08/2018,27/03/2019,,https://patents.google.com/patent/GB2566824A/en,
GB-2580874-A,Method for generating verifiable random selections ,Robot Protos Ltd,Jan Stefan Hamminga Derk,07/11/2018,07/11/2018,05/08/2020,,https://patents.google.com/patent/GB2580874A/en,
GB-2572925-A,"Device managment system, device managment method. Information processing device, device, and program ",Uhuru Corp,"Takenoshita Koyo, Kojo Atsushi",22/03/2019,29/07/2019,16/10/2019,,https://patents.google.com/patent/GB2572925A/en,
GB-2586865-A,Methods and Devices for Tracking and Measuring Proof-of-Work Contributions in a Mining Pool ,Nchain Holdings Ltd,"Mackay Alexander, Vaughan Owen",06/09/2019,06/09/2019,10/03/2021,,https://patents.google.com/patent/GB2586865A/en,
GB-2484910-A,Digital asset and advert on demand system ,"Saibabu Malisetti, Lotus Innovations Ltd",Saibabu Malisetti,21/10/2010,21/10/2010,02/05/2012,,https://patents.google.com/patent/GB2484910A/en,
GB-2598111-A,Digital signatures ,Nchain Holdings Ltd,"Pettit Michaella, Steven Wright Craig",18/08/2020,18/08/2020,23/02/2022,,https://patents.google.com/patent/GB2598111A/en,
GB-2587354-A,Divisible tokens ,Nchain Holdings Ltd,"Zhang Wei, Steven Wright Craig",24/09/2019,24/09/2019,31/03/2021,,https://patents.google.com/patent/GB2587354A/en,
GB-2595927-A,File verification system and method ,Nchain Holdings Ltd,"Pagani Alessio, Steven Wright Craig",12/06/2020,12/06/2020,15/12/2021,,https://patents.google.com/patent/GB2595927A/en,
GB-2592225-A,Attestation service for use with a blockchain network ,Nchain Holdings Ltd,"Steven Wright Craig, Vaughan Owen, Owen Davies Jack",19/02/2020,19/02/2020,25/08/2021,,https://patents.google.com/patent/GB2592225A/en,
GB-2594684-A,Layered network ,Nchain Holdings Ltd,"Vaughan Owen, Davies Jack, Steven Wright Craig",19/02/2020,19/02/2020,10/11/2021,,https://patents.google.com/patent/GB2594684A/en,
GB-2599332-A,"Virtual securities collection device, virtual securities collection program, and virtual securities collection method ",Mitsubishi Electric Corp,"Matsumoto Mitsuhiro, Yokochi Hiroshi, Nakashima Daiki",30/07/2019,30/07/2019,30/03/2022,,https://patents.google.com/patent/GB2599332A/en,
GB-2575896-A,Methods and systems for validating data in a distributed computing network ,Thales Holdings Uk Plc,"Waller Adrian, Farley Naomi",15/04/2019,15/04/2019,29/01/2020,,https://patents.google.com/patent/GB2575896A/en,
GB-2578647-A,Encrypted automotive data ,Caura Ltd,"Lakshmi Sai, Tingley Christopher",02/11/2018,02/11/2018,20/05/2020,,https://patents.google.com/patent/GB2578647A/en,
GB-2578864-A,Trusted ring ,Metrarc Ltd,"Dieter Mcdonald-Maier Klaus, Gareth James Howells William, Tahir Ruhma",24/09/2018,24/09/2018,03/06/2020,,https://patents.google.com/patent/GB2578864A/en,
GB-2572567-A,Computer-implemented method ,Gg Innovation Ltd,Wong William,03/04/2018,03/04/2018,09/10/2019,,https://patents.google.com/patent/GB2572567A/en,
GB-2566458-A,Methods and systems for providing services using autonomous economic agents ,Uvue Ltd,"Munir Sheikh Humayun, William Simpson Toby",13/09/2017,13/09/2017,20/03/2019,,https://patents.google.com/patent/GB2566458A/en,
GB-2493840-A,"Cloud downloads whose quality level depends upon network performance, used for playback and/or upgrading client cached assets ",Apple Inc,"Jeffrey L Robbin, Lucas C Newman, Scott J Forstall, Stephen O Lemay, Steve Saro Gedikian, Max Muller, Thomas Alsina",18/08/2011,15/08/2012,20/02/2013,,https://patents.google.com/patent/GB2493840A/en,
GB-201214544-D0,Management of downloads from a network-based digital data repository based on network performance ,Apple Inc,,18/08/2011,15/08/2012,26/09/2012,,https://patents.google.com/patent/GB201214544D0/en,
GB-2609906-A,Generating digital signature shares ,Nchain Licensing Ag,Pettit Michaella,09/08/2021,09/08/2021,22/02/2023,,https://patents.google.com/patent/GB2609906A/en,
GB-2612270-A,Electronic wallet allowing virtual currency expiration date ,Ibm,"Sasaki Yu, Sakurada Goya, Takeuchi Hiroshige, Takai Masato, Kurihara Mikio",28/07/2020,20/07/2021,26/04/2023,,https://patents.google.com/patent/GB2612270A/en,
GB-2601045-A,Automated computerized identification of assets ,Ibm,"Kevin Daley Stan, Bender Michael, G Greenlee Gordan, Liu Tao",29/09/2020,23/09/2021,18/05/2022,,https://patents.google.com/patent/GB2601045A/en,
GB-2601894-A,A secure platform for digital imaging sharing ,Cloudstore Ltd,"Eshraghi Farshad, Shahbazi Ramin",14/10/2020,14/10/2021,15/06/2022,,https://patents.google.com/patent/GB2601894A/en,
GB-2607618-A,Computer-implemented method and system ,Nchain Licensing Ag,"Patrick Coughlan Steven, Vaughan Owen",09/06/2021,09/06/2021,14/12/2022,,https://patents.google.com/patent/GB2607618A/en,
GB-2545509-A,Financial apparatus and method ,Heliopay Ltd,"Forbes Donald, Morris Michael",19/12/2015,19/12/2015,21/06/2017,,https://patents.google.com/patent/GB2545509A/en,
GB-2569736-A,Smart bin ,Martin Joseph,Martin Joseph,19/04/2019,19/04/2019,26/06/2019,,https://patents.google.com/patent/GB2569736A/en,
GB-2589349-A,Povably fair games using a blockchain ,Nchain Holdings Ltd,"Owen Davies Jack, Tartan Chloe, Steven Wright Craig",27/11/2019,27/11/2019,02/06/2021,,https://patents.google.com/patent/GB2589349A/en,
GB-2612336-A,Computer-implemented system and method ,Nchain Licensing Ag,Steven Wright Craig,28/10/2021,28/10/2021,03/05/2023,,https://patents.google.com/patent/GB2612336A/en,
GB-2601125-A,Node versioning ,Nchain Holdings Ltd,"Tartan Chloe, Zhang Wei, Steven Wright Craig",18/11/2020,18/11/2020,25/05/2022,,https://patents.google.com/patent/GB2601125A/en,
GB-2608179-A,Multi-level blockchain ,Nchain Licensing Ag,"Steven Wright Craig, Tartan Chloe, Molloy Katharine",25/06/2021,25/06/2021,28/12/2022,,https://patents.google.com/patent/GB2608179A/en,
GB-2608182-A,Tiered consensus ,Nchain Licensing Ag,"Steven Wright Craig, Tartan Chloe, Molloy Katharine",25/06/2021,25/06/2021,28/12/2022,,https://patents.google.com/patent/GB2608182A/en,
GB-2607589-A,Blockchain based device certification ,Taal Dit Gmbh,Rakic Dean,04/06/2021,04/06/2021,14/12/2022,,https://patents.google.com/patent/GB2607589A/en,
GB-2609186-A,Blockchain ,Wrt Tech Limited,"Moreau Luc, Trungh Dong, Disney Tim, Robinson Nick, Hill Stephen",24/05/2021,24/05/2021,01/02/2023,,https://patents.google.com/patent/GB2609186A/en,
GB-2611072-A,Method of protecting digital content ,Ip Ledger Ltd,"Mykhailov Andril, Riazanova Nataliia",25/09/2021,25/09/2021,29/03/2023,,https://patents.google.com/patent/GB2611072A/en,
GB-2612338-A,Computer-implemented system and method ,Nchain Licensing Ag,Steven Wright Craig,28/10/2021,28/10/2021,03/05/2023,,https://patents.google.com/patent/GB2612338A/en,
GB-2597123-A,A method for creating a hierarchical threshold signature digital asset wallet ,Hung Hung Chiu,Hung Hung Chiu,14/05/2020,13/05/2021,19/01/2022,,https://patents.google.com/patent/GB2597123A/en,
GB-2606527-A,Multi-party blockchain address scheme ,Nchain Licensing Ag,"Paunoiu Alexandru, Steven Wright Craig",10/05/2021,10/05/2021,16/11/2022,,https://patents.google.com/patent/GB2606527A/en,
GB-2606528-A,Multi-party blockchain address scheme ,Nchain Licensing Ag,"Paunoiu Alexandru, Steven Wright Craig",10/05/2021,10/05/2021,16/11/2022,,https://patents.google.com/patent/GB2606528A/en,
GB-2612339-A,Computer-implemented system and method ,Nchain Licensing Ag,Steven Wright Craig,28/10/2021,28/10/2021,03/05/2023,,https://patents.google.com/patent/GB2612339A/en,
GB-2563390-A,Expendable cryptographic key access ,British Telecomm,Daniel Joshua,12/06/2017,12/06/2017,19/12/2018,,https://patents.google.com/patent/GB2563390A/en,
GB-2612337-A,Computer-implemented system and method ,Nchain Licensing Ag,Steven Wright Craig,28/10/2021,28/10/2021,03/05/2023,,https://patents.google.com/patent/GB2612337A/en,
GB-2614083-A,System for assuring cyber security across supply chains ,Bilbo Lyford Ltd,Benedict Dean Julian,21/12/2021,21/12/2021,28/06/2023,,https://patents.google.com/patent/GB2614083A/en,
GB-2614077-A,Signature-based atomic swap ,Nchain Licensing Ag,"Molloy Katharine, Steven Wright Craig, Zhang Wei",21/12/2021,21/12/2021,28/06/2023,,https://patents.google.com/patent/GB2614077A/en,
GB-2605792-A,Blockchain based system and method ,Nchain Licensing Ag,"Steven Wright Craig, Owen Davies Jack",13/04/2021,13/04/2021,19/10/2022,,https://patents.google.com/patent/GB2605792A/en,
GB-2605649-A,Blockchain key generation ,Vodafone Group Services Ltd,"Poschke Nils, Palmer David, Prabdial Yakeem, Bento Jorge",09/04/2021,09/04/2021,12/10/2022,,https://patents.google.com/patent/GB2605649A/en,
GB-2605776-A,Blockchain-implemented hash function ,Nchain Licensing Ag,"Steven Wright Craig, Zhang Wei",07/04/2021,07/04/2021,19/10/2022,,https://patents.google.com/patent/GB2605776A/en,
GB-2604144-A,System and method for facilitating processing event for vehicle ,Continental Automotive Gmbh,"Siong Lim Chee, Chew Beng Aik Adam",26/02/2021,26/02/2021,31/08/2022,,https://patents.google.com/patent/GB2604144A/en,
GB-2604104-A,Digital security systems and methods ,Nchain Holdings Ltd,"Owen Davies Jack, Steven Wright Craig",18/02/2021,18/02/2021,31/08/2022,,https://patents.google.com/patent/GB2604104A/en,
GB-2602347-A,Blockchain related verification method and system ,Nchain Holdings Ltd,"Steven Wright Craig, Pan Liuxuan, Vaughan Owen",24/12/2020,24/12/2020,29/06/2022,,https://patents.google.com/patent/GB2602347A/en,
GB-2602010-A,Generating and validating blockchain transactions ,Nchain Holdings Ltd,"Zhang Wei, Ammar Bassem, Patrick Coughlan Steven",15/12/2020,15/12/2020,22/06/2022,,https://patents.google.com/patent/GB2602010A/en,
GB-2608590-A,Digital asset ownership authentication method and system ,John Ovenden Alan,John Ovenden Alan,28/06/2021,28/06/2021,11/01/2023,,https://patents.google.com/patent/GB2608590A/en,
GB-2600769-A,Merkle proof entity ,Nchain Holdings Ltd,"Zhang Wei, Ammar Bassem, Owen Davies Jack, Steven Wright Craig",10/11/2020,10/11/2020,11/05/2022,,https://patents.google.com/patent/GB2600769A/en,
GB-2600770-A,Merkle proof entity ,Nchain Holdings Ltd,"Zhang Wei, Ammar Bassem, Owen Davies Jack, Steven Wright Craig",10/11/2020,10/11/2020,11/05/2022,,https://patents.google.com/patent/GB2600770A/en,
GB-2598942-A,Blockchain-based system and method ,Nchain Holdings Ltd,Pagani Alessio,21/09/2020,21/09/2020,23/03/2022,,https://patents.google.com/patent/GB2598942A/en,
GB-2597927-A,Connecting to the blockchain network ,Nchain Holdings Ltd,"Ceren Tartan Chloe, Steven Wright Craig",05/08/2020,05/08/2020,16/02/2022,,https://patents.google.com/patent/GB2597927A/en,
GB-2597672-A,Blockchain tokens ,Taal Dit Gmbh,"Stanislav, (Stas) Trock",29/07/2020,29/07/2020,09/02/2022,,https://patents.google.com/patent/GB2597672A/en,
GB-2610072-A,Data sharing via distributed ledgers ,Capital One Services Llc,"Kuzin Taras, Tang Qiaochu, Frensch Steve, M Santoro John",04/06/2019,04/06/2020,22/02/2023,,https://patents.google.com/patent/GB2610072A/en,
GB-2593933-A,Anti-theft system for bikes ,"Shapiro Graham, Reggie Sensor Ltd",Shapiro Graham,10/04/2020,10/04/2020,13/10/2021,,https://patents.google.com/patent/GB2593933A/en,
GB-2592980-A,Blockchain transaction double spend proof ,Nchain Holdings Ltd,"Ceren Tartan Chloe, Mackay Alexander, Steven Wright Craig",13/03/2020,13/03/2020,15/09/2021,,https://patents.google.com/patent/GB2592980A/en,
GB-2592024-A,Methods and apparatus for controlling access to personal data ,Cufflink Io Ltd,Alan Williams William,12/02/2020,12/02/2020,18/08/2021,,https://patents.google.com/patent/GB2592024A/en,
GB-2606526-A,Multi-party blockchain address scheme ,Nchain Licensing Ag,"Paunoiu Alexandru, Steven Wright Craig",10/05/2021,10/05/2021,16/11/2022,,https://patents.google.com/patent/GB2606526A/en,
GB-2590937-A,Single-use tokens ,Nchain Holdings Ltd,"Ammar Bassem, Zhang Wei, Steven Wright Craig",08/01/2020,08/01/2020,14/07/2021,,https://patents.google.com/patent/GB2590937A/en,
GB-2590390-A,Management of a blockchain ,Nokia Technologies Oy,"Signorini Matteo, Pontecorvi Matteo",16/12/2019,16/12/2019,30/06/2021,,https://patents.google.com/patent/GB2590390A/en,
GB-2589090-A,Identity verification protocol using blockchain transactions ,Nchain Holdings Ltd,"Joseph Daniel, Steven Wright Craig",15/11/2019,15/11/2019,26/05/2021,,https://patents.google.com/patent/GB2589090A/en,
GB-2588660-A,Request and response protocol using blockchain transactions ,Nchain Holdings Ltd,"Mackay Alexander, Tartan Chloe, Wahab Jad, Serguieva Antoaneta, Steven Wright Craig",31/10/2019,31/10/2019,05/05/2021,,https://patents.google.com/patent/GB2588660A/en,
GB-2587202-A,Allocation of a digital asset using blockchain transactions ,Nchain Holdings Ltd,"Tartan Chloe, Steven Wright Craig",17/09/2019,17/09/2019,24/03/2021,,https://patents.google.com/patent/GB2587202A/en,
GB-2581860-A,Blockchain wallet ,Steel Software Solutions Ltd,Amin Nurul,16/07/2019,16/07/2019,02/09/2020,,https://patents.google.com/patent/GB2581860A/en,
GB-2584347-A,Inter-ontology mapping process for distributed ledger technologies ,British Telecomm,Pioli Moro Evandro,31/05/2019,31/05/2019,02/12/2020,,https://patents.google.com/patent/GB2584347A/en,
GB-2615820-A,Data exchange attestation method ,Nchain Licensing Ag,"Burns Alec, Steven Wright Craig",22/02/2022,22/02/2022,23/08/2023,,https://patents.google.com/patent/GB2615820A/en,
GB-2615595-A,Identity-linked blockchain addresses ,Nchain Licensing Ag,"Burns Alec, Steven Wright Craig",15/02/2022,15/02/2022,16/08/2023,,https://patents.google.com/patent/GB2615595A/en,
GB-2615596-A,Blockchain-implemented hash function ,Nchain Licensing Ag,"Zhang Wei, Burns Alec, Steven Wright Craig",15/02/2022,15/02/2022,16/08/2023,,https://patents.google.com/patent/GB2615596A/en,
GB-2615965-A,Automated merge of DLT networks ,Ibm,"Ramakrishna Venkatraman, Jayachandran Praveen, K Behl Dushyant, Pandit Vinayaka, Karunamoorthy Dileban, Abebe Ermyas",01/12/2020,28/10/2021,23/08/2023,,https://patents.google.com/patent/GB2615965A/en,
GB-2566591-A,Dynamic currency conversion system and method ,Currency Select Pty Ltd,Michael Ling James,18/07/2018,18/07/2018,20/03/2019,,https://patents.google.com/patent/GB2566591A/en,
GB-2567186-A,A method and system for authenticating a product ,Sherlock Charlie,Sherlock Charlie,05/10/2017,05/10/2017,10/04/2019,,https://patents.google.com/patent/GB2567186A/en,
GB-2478567-A,Digital image management and distribution system ,Mark Adrian Habgood,Mark Adrian Habgood,10/03/2010,10/03/2010,14/09/2011,,https://patents.google.com/patent/GB2478567A/en,
GB-201003948-D0,Digital image management and distribution system ,Habgood Mark A,,10/03/2010,10/03/2010,21/04/2010,,https://patents.google.com/patent/GB201003948D0/en,
GB-2615081-A,Elliptic curve arithmetic in script ,Nchain Licensing Ag,Larraia Enrique,26/01/2022,26/01/2022,02/08/2023,,https://patents.google.com/patent/GB2615081A/en,
GB-2614297-A,Storing and retrieving data associated with an asset ,Rkvst Ltd,"Geater Jonathan, Ahmed Mansoor, Bryce Robin",23/12/2021,23/12/2021,05/07/2023,,https://patents.google.com/patent/GB2614297A/en,
GB-2613584-A,Data structure for orphan transactions ,Nchain Licensing Ag,"Paunoiu Alexandru, Larraia Enrique",07/12/2021,07/12/2021,14/06/2023,,https://patents.google.com/patent/GB2613584A/en,
GB-2612770-A,Decentralised QUBO solver and cryptocurrency generation ,Mastercard International Inc,Mariella Nicola,04/11/2021,04/11/2021,17/05/2023,,https://patents.google.com/patent/GB2612770A/en,
GB-2610375-A,Coordinating peer-to-peer data transfer using blockchain ,Nchain Licensing Ag,"Paunoiu Alexandru, Steven Wright Craig",18/08/2021,18/08/2021,08/03/2023,,https://patents.google.com/patent/GB2610375A/en,
GB-2608842-A,Blockchain Blocks & Proof-of-existence ,Nchain Licensing Ag,"Owen Davies Jack, Pettit Michaella, Hove Sigourney, Steven Wright Craig",14/07/2021,14/07/2021,18/01/2023,,https://patents.google.com/patent/GB2608842A/en,
GB-2608840-A,Message exchange system ,Nchain Licensing Ag,"Pan Liuxuan, Steven Wright Craig",13/07/2021,13/07/2021,18/01/2023,,https://patents.google.com/patent/GB2608840A/en,
GB-2608429-A,A new and novel mathematically based bitcoin mining process ,Iannucci Innovation Ltd,Iannucci Lorenzo,01/07/2021,01/07/2021,04/01/2023,,https://patents.google.com/patent/GB2608429A/en,
GB-2601538-A,Methods and systems for compressing transaction identifiers ,Nchain Holdings Ltd,"Charles Rand Ricky, Patrick Coughlan Steven",04/12/2020,04/12/2020,08/06/2022,,https://patents.google.com/patent/GB2601538A/en,
GB-2587497-A,Method and system for evaluating project based on blockchain ,Univ Soonchunhyang Ind Acad Coop Found,"Woo Kim Seung, Geol CHO Jae, Han Lee Sang, Hee Kim Dae, Joo Ryu Sun, Sung Hong Joo",28/08/2019,27/08/2020,31/03/2021,,https://patents.google.com/patent/GB2587497A/en,
GB-2598277-A,Custom transaction scripts ,Nchain Holdings Ltd,"Owen Davies Jack, Ceren Tartan Chloe, Mackay Alex, Serguieva Antoaneta, Steven Wright Craig",12/06/2020,12/06/2020,02/03/2022,,https://patents.google.com/patent/GB2598277A/en,
GB-2595489-A,Probabilistic membership test for blockchain transaction outputs ,Nchain Holdings Ltd,"Pagani Alessio, Steven Wright Craig",28/05/2020,28/05/2020,01/12/2021,,https://patents.google.com/patent/GB2595489A/en,
GB-2593721-A,Method and device for generating random numbers ,Taal Dit Gmbh,David Chan Jerry,31/03/2020,31/03/2020,06/10/2021,,https://patents.google.com/patent/GB2593721A/en,
GB-2587190-A,Storing a program on a blockchain ,Nchain Holdings Ltd,"G Doiron Brock, Steven Wright Craig",12/09/2019,12/09/2019,24/03/2021,,https://patents.google.com/patent/GB2587190A/en,
GB-2582270-A,Transaction verification of distributed ledgers ,British Telecomm,Piolimoro Evandro,06/03/2019,06/03/2019,23/09/2020,,https://patents.google.com/patent/GB2582270A/en,
GB-2615752-A,Attesting to membership of a set ,Nchain Licensing Ag,"Patrick Coughlan Steven, Owen Davies Jack, Zhang Wei",15/02/2022,15/02/2022,23/08/2023,,https://patents.google.com/patent/GB2615752A/en,
GB-2611618-A,"Method for storing data in blockchain, related payment management system and non-transitory computer-readable storage medium ",Keychain Fintech Ltd,Leung Lau Cho,28/01/2021,19/01/2022,12/04/2023,,https://patents.google.com/patent/GB2611618A/en,
GB-2590009-A,A Node Testing Method and Apparatus For a Blockchain System ,Dragon Infosec Ltd,"Matthew Dennis Richard, Huw Owenson Gareth",07/12/2018,07/12/2018,16/06/2021,,https://patents.google.com/patent/GB2590009A/en,
GB-2611538-A,Redacting content from blockchain transaction ,Nchain Licensing Ag,"Sabir Kiraz Mehmet, Owen Davies Jack, Liu Wai",06/10/2021,06/10/2021,12/04/2023,,https://patents.google.com/patent/GB2611538A/en,
GB-2614221-A,Forming peer-to-peer connections using blockchain ,Nchain Licensing Ag,"Paunoiu Alexandru, Steven Wright Craig",29/07/2021,29/07/2021,05/07/2023,,https://patents.google.com/patent/GB2614221A/en,
GB-2610559-A,Generating shared cryptographic keys ,Licensing Ag Nchain,"Licensing Ag Nchain, Pettit Michaella, Paunoiu Alexandru, Steven Wright Craig",07/09/2021,07/09/2021,15/03/2023,,https://patents.google.com/patent/GB2610559A/en,
GB-2566734-A,"Wearable device, system and method ",Red Frog Digital Ltd,Mark Loveridge David,25/09/2017,25/09/2017,27/03/2019,,https://patents.google.com/patent/GB2566734A/en,
GB-2612340-A,Sharded Merkle tree ,Nchain Licensing Ag,"Paunoiu Alexandru, Steven Wright Craig, Graham Alexander",28/10/2021,28/10/2021,03/05/2023,,https://patents.google.com/patent/GB2612340A/en,
GB-2612348-A,Distributed energy infrastructure and method ,Sitigrid Ltd,"Reason Adrian, Holt Chris, Igbiovia Emmanuel",29/10/2021,29/10/2021,03/05/2023,,https://patents.google.com/patent/GB2612348A/en,
GB-2614295-A,Methods and systems for recipient-facilitated blockchain transactions ,Nchain Licensing Ag,"Owen Davies Jack, Wahab Jad, Zhang Wei, Smith Mark",23/12/2021,23/12/2021,05/07/2023,,https://patents.google.com/patent/GB2614295A/en,
GB-2615094-A,System and method for securely providing location information of electronic device ,Restrata Solutions Ltd,"Osman Botan, Atlas Jason, Gunaratne Hiran",27/01/2022,27/01/2022,02/08/2023,,https://patents.google.com/patent/GB2615094A/en,
GB-2610902-A,A method of and a system for generating a 3D model of a manufactured product and digital assets therefrom ,Isite Tv Ltd,"Payne Mark, Farthing Fenton, Neal Ian, Cole Matt, Fielder Harry",22/02/2022,27/06/2022,22/03/2023,,https://patents.google.com/patent/GB2610902A/en,
GB-2609194-A,Enforcing conditions on blockchain transactions ,Nchain Licensing Ag,Zhang Wei,19/07/2021,19/07/2021,01/02/2023,,https://patents.google.com/patent/GB2609194A/en,
GB-2609193-A,Enforcing conditions on blockchain transactions ,Nchain Licensing Ag,Zhang Wei,19/07/2021,19/07/2021,01/02/2023,,https://patents.google.com/patent/GB2609193A/en,
GB-2608841-A,Blockchain blocks & proof-of-existence ,Nchain Licensing Ag,"Owen Davies Jack, Pettit Michaella, Hove Sigourney, Steven Wright Craig",14/07/2021,14/07/2021,18/01/2023,,https://patents.google.com/patent/GB2608841A/en,
GB-2608845-A,Blockchain blocks & proof-of-existence ,Nchain Licensing Ag,"Owen Davies Jack, Pettit Michaella, Hove Sigourney, Steven Wright Craig",14/07/2021,14/07/2021,18/01/2023,,https://patents.google.com/patent/GB2608845A/en,
GB-2608844-A,Blockchain blocks & proof-of-existence ,Nchain Licensing Ag,"Owen Davies Jack, Pettit Michaella, Steven Wright Craig, Hove Sigourney",14/07/2021,14/07/2021,18/01/2023,,https://patents.google.com/patent/GB2608844A/en,
GB-2606709-A,PUF device ,Nchain Licensing Ag,"Owen Davies Jack, Steven Wright Craig",12/05/2021,12/05/2021,23/11/2022,,https://patents.google.com/patent/GB2606709A/en,
GB-2601540-A,Methods and systems for synchronizing a streamed template to a solved block ,Nchain Holdings Ltd,"Charles Rand Ricky, Patrick Coughlan Steven",04/12/2020,04/12/2020,08/06/2022,,https://patents.google.com/patent/GB2601540A/en,
GB-2600965-A,Key generation method ,Nchain Holdings Ltd,"Owen Davies Jack, Ordish Simon",13/11/2020,13/11/2020,18/05/2022,,https://patents.google.com/patent/GB2600965A/en,
GB-2600970-A,Key derivation method ,Nchain Holdings Ltd,"Ceren Tartan Chloe, Pettit Michaella, Pagani Alessio, Zhang Wei",13/11/2020,13/11/2020,18/05/2022,,https://patents.google.com/patent/GB2600970A/en,
GB-2599400-A,Physically unclonable functions ,Nchain Holdings Ltd,"Owen Davies Jack, Steven Wright Craig",30/09/2020,30/09/2020,06/04/2022,,https://patents.google.com/patent/GB2599400A/en,
GB-2598301-A,Alert account ,Nchain Holdings Ltd,"Pan Liuxuan, Tartan Chloe, Steven Wright Craig",21/08/2020,21/08/2020,02/03/2022,,https://patents.google.com/patent/GB2598301A/en,
GB-2593779-A,Methods and devices for double-spend relay in a blockchain network ,Nchain Licensing Ag,Patrick Coughlan Steven,03/04/2020,03/04/2020,06/10/2021,,https://patents.google.com/patent/GB2593779A/en,
GB-2587201-A,Multi-criteria blockchain protocol ,Nchain Holdings Ltd,"Joseph Daniel, James Mee Andrew, Steven Wright Craig",17/09/2019,17/09/2019,24/03/2021,,https://patents.google.com/patent/GB2587201A/en,
GB-2585081-A,"System, apparatus and method for controlling networked devices ",Signagelive Ltd,benson Marc,28/06/2019,28/06/2019,30/12/2020,,https://patents.google.com/patent/GB2585081A/en,
GB-2615528-A,Computer implemented systems and methods ,Elas Holdings PTY LTD,Lee Brendan,07/02/2022,07/02/2022,16/08/2023,,https://patents.google.com/patent/GB2615528A/en,
GB-2610559-A8,Generating shared cryptographic keys ,Nchain Licensing Ag,"Pettit Michaella, Paunoiu Alexandru, Steven Wright Craig",07/09/2021,07/09/2021,05/04/2023,,https://patents.google.com/patent/GB2610559A8/en,
GB-2614969-A,Method for authenticating digital content items with blockchain and writing digital content items data to blockchain ,Banh Richard,Banh Richard,27/06/2020,15/06/2021,26/07/2023,,https://patents.google.com/patent/GB2614969A/en,
GB-2576582-A,Biometric security for electronic wallets ,Gigzi S A,El Asmar Xxx,23/08/2018,15/10/2018,26/02/2020,,https://patents.google.com/patent/GB2576582A/en,
GB-2608741-A,Computing system for configurable off-chain storage for blockchains ,Hyland Software Inc,"York Scott, Caesar Scott, Babic Sam",27/03/2020,26/02/2021,11/01/2023,,https://patents.google.com/patent/GB2608741A/en,
GB-2598984-A,Digital product virtual transaction method and system ,Jiangsu Aowei Holdings Co Ltd,Bai Jie,21/09/2020,15/06/2021,23/03/2022,,https://patents.google.com/patent/GB2598984A/en,
GB-2599085-A,QUIC transactions ,Nchain Holdings Ltd,"Pagani Alessio, Kristensen Brad",15/09/2020,15/09/2020,30/03/2022,,https://patents.google.com/patent/GB2599085A/en,
GB-2612769-A,Authenticating a device ,Vodafone Group Services Ltd,Poschke Nils,03/11/2021,03/11/2021,17/05/2023,,https://patents.google.com/patent/GB2612769A/en,
GB-2603030-A,"Computer-readable recording medium storing information processing program, information processing method and information processing apparatus ",Fujitsu Ltd,Taniguchi Tsuyoshi,20/01/2021,27/10/2021,27/07/2022,,https://patents.google.com/patent/GB2603030A/en,
GB-2611325-A,Propagating locking scripts ,Nchain Licensing Ag,"Pettit Michaella, Patrick Coughlan Steven",30/09/2021,30/09/2021,05/04/2023,,https://patents.google.com/patent/GB2611325A/en,
GB-2611321-A,Message scheduling for cryptographic hashing ,Quantum Blockchain Tech Plc,Naik Rahul,29/09/2021,29/09/2021,05/04/2023,,https://patents.google.com/patent/GB2611321A/en,
GB-2611084-A,A security system ,Custodiex Ltd,John Sumner Michael,27/09/2021,27/09/2021,29/03/2023,,https://patents.google.com/patent/GB2611084A/en,
GB-2603589-A,Consensus algorithm for distributed ledger technology ,Ibm,"Stanislaw Filipek Bartlomiej, Snopczynski Maciej, Zarakowski Michal, Oleszek Karol",08/12/2020,23/11/2021,10/08/2022,,https://patents.google.com/patent/GB2603589A/en,
GB-2607593-A,Method and system for data sanitisation ,British Telecomm,"Abu-Tair Mamum, Perry Philip, Varghese Blesson, Hossien Zoulfaghari Mohammad",07/06/2021,07/06/2021,14/12/2022,,https://patents.google.com/patent/GB2607593A/en,
GB-2607282-A,Custody service for authorising transactions ,The Blockhouse Tech Limited,"Antonino Pedro, Derek Ante, Hecimovic Tomislav, Matijasevic Mario, Novoselac Vedran, Vidakovic Ivan",21/05/2021,21/05/2021,07/12/2022,,https://patents.google.com/patent/GB2607282A/en,
GB-2606731-A,System and method for managing purchase of a real estate property ,Goview Today Ltd,Thomas John Parker Daniel,18/05/2021,18/05/2021,23/11/2022,,https://patents.google.com/patent/GB2606731A/en,
GB-2606196-A,Subtree-based storage and retrieval of merkle tree data ,Nchain Licensing Ag,"Patrick Coughlan Steven, Zhang Wei",29/04/2021,29/04/2021,02/11/2022,,https://patents.google.com/patent/GB2606196A/en,
GB-2606194-A,Methods and devices for pruning stored merkle tree data ,Nchain Licensing Ag,"Patrick Coughlan Steven, Zhang Wei",29/04/2021,29/04/2021,02/11/2022,,https://patents.google.com/patent/GB2606194A/en,
GB-2607862-A,Distributed computer system for management of service request and method of operation thereof ,Uvue Ltd,"Munir Sheikh Humayun, William Simpson Toby",20/04/2021,20/04/2021,21/12/2022,,https://patents.google.com/patent/GB2607862A/en,
GB-2601998-A,Delivering hash valves ,Taal Dit Gmbh,David Chan Jerry,10/12/2020,10/12/2020,22/06/2022,,https://patents.google.com/patent/GB2601998A/en,
GB-2601539-A,Methods and systems for streaming block templates with cross-references ,Nchain Holdings Ltd,"Charles Rand Ricky, Patrick Coughlan Steven",04/12/2020,04/12/2020,08/06/2022,,https://patents.google.com/patent/GB2601539A/en,
GB-2602443-A,Methods and apparatus for dispensing meals ,Rita Kanu Ifeyinwa,Rita Kanu Ifeyinwa,30/10/2020,30/10/2020,06/07/2022,,https://patents.google.com/patent/GB2602443A/en,
GB-2600140-A,An apparatus and method for verifying electronic records ,Sita Information Networking Computing Uk Ltd,"Sanglier Adrien, Shedden Rowan, John McLaughlin Barry",22/10/2020,22/10/2020,27/04/2022,,https://patents.google.com/patent/GB2600140A/en,
GB-2599408-A,Physically unclonable functions ,Nchain Holdings Ltd,"Owen Davies Jack, Steven Wright Craig",30/09/2020,30/09/2020,06/04/2022,,https://patents.google.com/patent/GB2599408A/en,
GB-2599398-A,Physically unclonable functions ,Nchain Holdings Ltd,"Owen Davies Jack, Steven Wright Craig",30/09/2020,30/09/2020,06/04/2022,,https://patents.google.com/patent/GB2599398A/en,
GB-2599168-A,Identifying derivatives of data items ,British Telecomm,"Roscoe Jonathan, Hercock Robert",29/09/2020,29/09/2020,30/03/2022,,https://patents.google.com/patent/GB2599168A/en,
GB-2612798-A,Distributed ledger system ,Ecoradlt Ltd,"Chan David, Whelan Tom",11/11/2021,11/11/2021,17/05/2023,,https://patents.google.com/patent/GB2612798A/en,
GB-2598714-A,Bio-locked seed ,Nchain Holdings Ltd,"Serguieva Antoaneta, Steven Wright Craig",24/08/2020,24/08/2020,16/03/2022,,https://patents.google.com/patent/GB2598714A/en,
GB-2596334-A,User device configuration ,British Telecomm,"Abu-Tair Mamun, Ali Aftab, Rafferty Joseph, Ducatel Gery, Cui Zhan, Morrow Philip, Ullah Hanif",25/06/2020,25/06/2020,29/12/2021,,https://patents.google.com/patent/GB2596334A/en,
GB-2596335-A,Network access determination for user device ,British Telecomm,"Abu-Tair Mamun, Ducatel Gery, Cui Zhan, Ali Aftab, Rafferty Joseph, Ullah Hanif, Morrow Philip",25/06/2020,25/06/2020,29/12/2021,,https://patents.google.com/patent/GB2596335A/en,
GB-2596096-A,Agreements on the blockchain ,Nchain Holdings Ltd,"Owen Davies Jack, Joseph Daniel, Steven Wright Craig",17/06/2020,17/06/2020,22/12/2021,,https://patents.google.com/patent/GB2596096A/en,
GB-2595888-A,Performance-based network fault localisation ,British Telecomm,"Roscoe Jonathan, Gelardi Gabriele",09/06/2020,09/06/2020,15/12/2021,,https://patents.google.com/patent/GB2595888A/en,
GB-2594328-A,Secure ultrasound system ,Novosound Ltd,Hughes David,24/04/2020,24/04/2020,27/10/2021,,https://patents.google.com/patent/GB2594328A/en,
GB-2593725-A,Improvements to digital transactions using quantum technology ,British Telecomm,"White Catherine, Roscoe Jonathan",31/03/2020,31/03/2020,06/10/2021,,https://patents.google.com/patent/GB2593725A/en,
GB-2592211-A,Adapting connections of a layered network ,Nchain Holdings Ltd,"Vaughan Owen, Owen Davies Jack, Steven Wright Craig",19/02/2020,19/02/2020,25/08/2021,,https://patents.google.com/patent/GB2592211A/en,
GB-2591805-A,Journey validation tool ,Beaconsoft Ltd,"Lawrence Boutcher Stewart, Anthony Townend Michael, Paul Bridges Nigel",07/02/2020,07/02/2020,11/08/2021,,https://patents.google.com/patent/GB2591805A/en,
GB-2596502-A,Crypto-jacking detection ,British Telecomm,"Kallos George, El-Moussa Fadi",06/01/2020,06/01/2020,05/01/2022,,https://patents.google.com/patent/GB2596502A/en,
GB-2588812-A,Data block modification ,Jitsuin Ltd,"Geater Jonathan, Ahmed-Rengers Mansoor",08/11/2019,08/11/2019,12/05/2021,,https://patents.google.com/patent/GB2588812A/en,
GB-2584159-A,"Video delivery method, device and system ",Datahop Labs Ltd,"Psarras Ioannis, Rene Sergi, Krol Michal, Kutscher Dirk",24/05/2019,24/05/2019,25/11/2020,,https://patents.google.com/patent/GB2584159A/en,
GB-2584816-A,"Animal chipping apparatus, and methods for use ","Roper Joanne, Pony Sam","Roper Joanne, Pony Sam",27/03/2019,27/03/2019,23/12/2020,,https://patents.google.com/patent/GB2584816A/en,
GB-2582309-A,Distributed computing with heat transfer ,Fumarii Tech Ltd,Birkinshaw Rhys,18/03/2019,18/03/2019,23/09/2020,,https://patents.google.com/patent/GB2582309A/en,
GB-2609275-A,Incident-based management system for new engineering contract ,Keung Ng Chun,Keung Ng Chun,30/06/2021,14/03/2022,01/02/2023,,https://patents.google.com/patent/GB2609275A/en,
GB-2615598-A,Attesting to a set of unconsumed transaction outputs ,Nchain Licensing Ag,"Patrick Coughlan Steven, Owen Davies Jack, Zhang Wei",15/02/2022,15/02/2022,16/08/2023,,https://patents.google.com/patent/GB2615598A/en,
GB-2609720-A,Hybrid decision-making method and device for autonomous driving and computer storage medium ,Univ Xidian,"Fu Yuchuan, Li Changle, Zhao Pincan",31/05/2021,31/05/2022,15/02/2023,,https://patents.google.com/patent/GB2609720A/en,
GB-2610783-A,Computer implemented system and method to create wisdom network ,Mahammad Sohail,Mahammad Sohail,19/05/2020,14/05/2021,15/03/2023,,https://patents.google.com/patent/GB2610783A/en,
GB-2596941-A,Systems and processes for management of digital or physical assets via distributed ledger ,"David Tucker Luke, John Pickard Elliott","David Tucker Luke, John Pickard Elliott",09/04/2019,09/04/2020,12/01/2022,,https://patents.google.com/patent/GB2596941A/en,
GB-2596031-A,Credential verification ,Truu Ltd,Wickes Simon,04/12/2018,04/12/2018,22/12/2021,,https://patents.google.com/patent/GB2596031A/en,
GB-2569839-A,Mounting apparatus for an IT device ,Ecocooling Ltd,Beresford Alan,08/12/2017,24/08/2018,03/07/2019,,https://patents.google.com/patent/GB2569839A/en,
GB-2572343-A,Running controlled processes of cryptocurrency software on a videogame system which adopts using and generating cryptocurrency assets on a game console ,Kazimierz Szymanek Dariusz,Kazimierz Szymanek Dariusz,26/03/2018,26/03/2018,02/10/2019,,https://patents.google.com/patent/GB2572343A/en,
